"ID","scenario","Cd_input_g_ha_yr","source"
"QY003","BAU",4.2648725230337,"manure"
"QY003","BNP",4.2648725230337,"manure"
"QY003","BNPR",4.2648725230337,"manure"
"QY003","BNPRLopt1",0,"manure"
"QY003","BNPRLopt2",3.40649936455815,"manure"
"QY024","BAU",0,"manure"
"QY024","BNP",0,"manure"
"QY024","BNPR",4.02876,"manure"
"QY024","BNPRLopt1",0,"manure"
"QY024","BNPRLopt2",4.02876,"manure"
"QY031","BAU",3.7347753732781,"manure"
"QY031","BNP",3.7347753732781,"manure"
"QY031","BNPR",3.7347753732781,"manure"
"QY031","BNPRLopt1",0,"manure"
"QY031","BNPRLopt2",2.68683504521209,"manure"
"QY040","BAU",0,"manure"
"QY040","BNP",0,"manure"
"QY040","BNPR",2.81542,"manure"
"QY040","BNPRLopt1",0,"manure"
"QY040","BNPRLopt2",1.68004132958084,"manure"
"QY049","BAU",0,"manure"
"QY049","BNP",0,"manure"
"QY049","BNPR",3.1217,"manure"
"QY049","BNPRLopt1",0,"manure"
"QY049","BNPRLopt2",3.1217,"manure"
"QY065","BAU",0,"manure"
"QY065","BNP",0,"manure"
"QY065","BNPR",3.7014,"manure"
"QY065","BNPRLopt1",0.486131393300273,"manure"
"QY065","BNPRLopt2",3.7014,"manure"
"QY070","BAU",7.58199559650435,"manure"
"QY070","BNP",1.45230769230769,"manure"
"QY070","BNPR",1.45230769230769,"manure"
"QY070","BNPRLopt1",0,"manure"
"QY070","BNPRLopt2",1.45230769230769,"manure"
"QY073","BAU",0,"manure"
"QY073","BNP",0,"manure"
"QY073","BNPR",0,"manure"
"QY073","BNPRLopt1",0,"manure"
"QY073","BNPRLopt2",0,"manure"
"QY076","BAU",0,"manure"
"QY076","BNP",0,"manure"
"QY076","BNPR",1.8259,"manure"
"QY076","BNPRLopt1",0,"manure"
"QY076","BNPRLopt2",1.8259,"manure"
"QY077","BAU",0,"manure"
"QY077","BNP",0,"manure"
"QY077","BNPR",0,"manure"
"QY077","BNPRLopt1",0,"manure"
"QY077","BNPRLopt2",0,"manure"
"QY079","BAU",0,"manure"
"QY079","BNP",0,"manure"
"QY079","BNPR",0,"manure"
"QY079","BNPRLopt1",0,"manure"
"QY079","BNPRLopt2",0,"manure"
"QY081","BAU",4.2648725230337,"manure"
"QY081","BNP",0,"manure"
"QY081","BNPR",0,"manure"
"QY081","BNPRLopt1",0,"manure"
"QY081","BNPRLopt2",0,"manure"
"QY085","BAU",0,"manure"
"QY085","BNP",0,"manure"
"QY085","BNPR",1.488,"manure"
"QY085","BNPRLopt1",0,"manure"
"QY085","BNPRLopt2",1.488,"manure"
"QY087","BAU",1.89549889912609,"manure"
"QY087","BNP",1.89549889912609,"manure"
"QY087","BNPR",1.89549889912609,"manure"
"QY087","BNPRLopt1",0,"manure"
"QY087","BNPRLopt2",1.89549889912609,"manure"
"QY090","BAU",0,"manure"
"QY090","BNP",0,"manure"
"QY090","BNPR",1.4136,"manure"
"QY090","BNPRLopt1",0,"manure"
"QY090","BNPRLopt2",1.4136,"manure"
"QY094","BAU",0,"manure"
"QY094","BNP",0,"manure"
"QY094","BNPR",1.178,"manure"
"QY094","BNPRLopt1",0.478018506077825,"manure"
"QY094","BNPRLopt2",1.178,"manure"
"QY095","BAU",0.63852611220561,"manure"
"QY095","BNP",0.19875,"manure"
"QY095","BNPR",0.19875,"manure"
"QY095","BNPRLopt1",0,"manure"
"QY095","BNPRLopt2",0.19875,"manure"
"QY101","BAU",0,"manure"
"QY101","BNP",0,"manure"
"QY101","BNPR",0.744,"manure"
"QY101","BNPRLopt1",0,"manure"
"QY101","BNPRLopt2",0.744,"manure"
"QY106","BAU",0,"manure"
"QY106","BNP",0,"manure"
"QY106","BNPR",2.4149,"manure"
"QY106","BNPRLopt1",0,"manure"
"QY106","BNPRLopt2",1.63291674150869,"manure"
"QY107","BAU",0,"manure"
"QY107","BNP",0,"manure"
"QY107","BNPR",1.2896,"manure"
"QY107","BNPRLopt1",0,"manure"
"QY107","BNPRLopt2",0.738042030590872,"manure"
"QY110","BAU",0,"manure"
"QY110","BNP",0,"manure"
"QY110","BNPR",2.9636,"manure"
"QY110","BNPRLopt1",0,"manure"
"QY110","BNPRLopt2",2.76541586096426,"manure"
"QY154","BAU",0.63852611220561,"manure"
"QY154","BNP",0.63852611220561,"manure"
"QY154","BNPR",0.63852611220561,"manure"
"QY154","BNPRLopt1",0,"manure"
"QY154","BNPRLopt2",0.63852611220561,"manure"
"QY163","BAU",0,"manure"
"QY163","BNP",0,"manure"
"QY163","BNPR",5.2824,"manure"
"QY163","BNPRLopt1",0,"manure"
"QY163","BNPRLopt2",3.67029170765621,"manure"
"QY165","BAU",0,"manure"
"QY165","BNP",0,"manure"
"QY165","BNPR",3.91685,"manure"
"QY165","BNPRLopt1",0,"manure"
"QY165","BNPRLopt2",2.23772826217696,"manure"
"QY175","BAU",0,"manure"
"QY175","BNP",0,"manure"
"QY175","BNPR",1.8848,"manure"
"QY175","BNPRLopt1",0,"manure"
"QY175","BNPRLopt2",1.8848,"manure"
"QY182","BAU",0,"manure"
"QY182","BNP",0,"manure"
"QY182","BNPR",1.22512,"manure"
"QY182","BNPRLopt1",0,"manure"
"QY182","BNPRLopt2",1.20446622490772,"manure"
"QY189","BAU",0,"manure"
"QY189","BNP",0,"manure"
"QY189","BNPR",2.81542,"manure"
"QY189","BNPRLopt1",2.81542,"manure"
"QY189","BNPRLopt2",2.81542,"manure"
"QY193","BAU",0,"manure"
"QY193","BNP",0,"manure"
"QY193","BNPR",2.4738,"manure"
"QY193","BNPRLopt1",0.050352175816113,"manure"
"QY193","BNPRLopt2",2.4738,"manure"
"QY199","BAU",0,"manure"
"QY199","BNP",0,"manure"
"QY199","BNPR",2.81542,"manure"
"QY199","BNPRLopt1",0,"manure"
"QY199","BNPRLopt2",1.32607223453594,"manure"
"QY200","BAU",0,"manure"
"QY200","BNP",0,"manure"
"QY200","BNPR",1.61386,"manure"
"QY200","BNPRLopt1",0,"manure"
"QY200","BNPRLopt2",1.10944514029429,"manure"
"QY207","BAU",0.562224249740789,"manure"
"QY207","BNP",0.562224249740789,"manure"
"QY207","BNPR",0.562224249740789,"manure"
"QY207","BNPRLopt1",0.478793025953303,"manure"
"QY207","BNPRLopt2",0.562224249740789,"manure"
"QY208","BAU",4.97970049770413,"manure"
"QY208","BNP",0,"manure"
"QY208","BNPR",0,"manure"
"QY208","BNPRLopt1",0,"manure"
"QY208","BNPRLopt2",0,"manure"
"QY222","BAU",0.562224249740789,"manure"
"QY222","BNP",0.562224249740789,"manure"
"QY222","BNPR",0.562224249740789,"manure"
"QY222","BNPRLopt1",0.447414094024633,"manure"
"QY222","BNPRLopt2",0.562224249740789,"manure"
"QY231","BAU",0,"manure"
"QY231","BNP",0,"manure"
"QY231","BNPR",3.36908,"manure"
"QY231","BNPRLopt1",1.57321829842324,"manure"
"QY231","BNPRLopt2",3.36908,"manure"
"QY233","BAU",0,"manure"
"QY233","BNP",0,"manure"
"QY233","BNPR",0.73625,"manure"
"QY233","BNPRLopt1",0.73625,"manure"
"QY233","BNPRLopt2",0.73625,"manure"
"QY236","BAU",0,"manure"
"QY236","BNP",0,"manure"
"QY236","BNPR",0.2945,"manure"
"QY236","BNPRLopt1",0,"manure"
"QY236","BNPRLopt2",0.2945,"manure"
"QY246","BAU",0,"manure"
"QY246","BNP",0,"manure"
"QY246","BNPR",1.8848,"manure"
"QY246","BNPRLopt1",1.04712383526455,"manure"
"QY246","BNPRLopt2",1.8848,"manure"
"QY248","BAU",0,"manure"
"QY248","BNP",0,"manure"
"QY248","BNPR",3.51633,"manure"
"QY248","BNPRLopt1",3.34186948216003,"manure"
"QY248","BNPRLopt2",3.51633,"manure"
"QY264","BAU",0,"manure"
"QY264","BNP",0,"manure"
"QY264","BNPR",0.558,"manure"
"QY264","BNPRLopt1",0,"manure"
"QY264","BNPRLopt2",0.558,"manure"
"QY267","BAU",0,"manure"
"QY267","BNP",0,"manure"
"QY267","BNPR",3.1217,"manure"
"QY267","BNPRLopt1",0.785543047996439,"manure"
"QY267","BNPRLopt2",3.1217,"manure"
"QY270","BAU",0,"manure"
"QY270","BNP",0,"manure"
"QY270","BNPR",1.8848,"manure"
"QY270","BNPRLopt1",0,"manure"
"QY270","BNPRLopt2",1.8848,"manure"
"QY274","BAU",0,"manure"
"QY274","BNP",0,"manure"
"QY274","BNPR",0.61845,"manure"
"QY274","BNPRLopt1",0.61845,"manure"
"QY274","BNPRLopt2",0.61845,"manure"
"QY278","BAU",1.50997369930383,"manure"
"QY278","BNP",1.50997369930383,"manure"
"QY278","BNPR",1.50997369930383,"manure"
"QY278","BNPRLopt1",0.634661258325431,"manure"
"QY278","BNPRLopt2",1.50997369930383,"manure"
"QY284","BAU",0,"manure"
"QY284","BNP",0,"manure"
"QY284","BNPR",2.4149,"manure"
"QY284","BNPRLopt1",2.04579814256054,"manure"
"QY284","BNPRLopt2",2.4149,"manure"
"QY285","BAU",0,"manure"
"QY285","BNP",0,"manure"
"QY285","BNPR",2.4149,"manure"
"QY285","BNPRLopt1",0.85247142460853,"manure"
"QY285","BNPRLopt2",2.4149,"manure"
"QY291","BAU",0,"manure"
"QY291","BNP",0,"manure"
"QY291","BNPR",4.4392,"manure"
"QY291","BNPRLopt1",0,"manure"
"QY291","BNPRLopt2",2.21031024462731,"manure"
"QY293","BAU",0,"manure"
"QY293","BNP",0,"manure"
"QY293","BNPR",0.4123,"manure"
"QY293","BNPRLopt1",0.4123,"manure"
"QY293","BNPRLopt2",0.4123,"manure"
"QY295","BAU",0,"manure"
"QY295","BNP",0,"manure"
"QY295","BNPR",0,"manure"
"QY295","BNPRLopt1",0,"manure"
"QY295","BNPRLopt2",0,"manure"
"QY296","BAU",0,"manure"
"QY296","BNP",0,"manure"
"QY296","BNPR",2.604,"manure"
"QY296","BNPRLopt1",1.7270423388809,"manure"
"QY296","BNPRLopt2",2.604,"manure"
"QY297","BAU",0,"manure"
"QY297","BNP",0,"manure"
"QY297","BNPR",1.178,"manure"
"QY297","BNPRLopt1",0.886192898495795,"manure"
"QY297","BNPRLopt2",1.178,"manure"
"QY299","BAU",0,"manure"
"QY299","BNP",0,"manure"
"QY299","BNPR",0.992,"manure"
"QY299","BNPRLopt1",0.992,"manure"
"QY299","BNPRLopt2",0.992,"manure"
"QY308","BAU",0,"manure"
"QY308","BNP",0,"manure"
"QY308","BNPR",2.81542,"manure"
"QY308","BNPRLopt1",0,"manure"
"QY308","BNPRLopt2",1.88592564435964,"manure"
"QY310","BAU",0,"manure"
"QY310","BNP",0,"manure"
"QY310","BNPR",2.4149,"manure"
"QY310","BNPRLopt1",0,"manure"
"QY310","BNPRLopt2",2.4149,"manure"
"QY003","BAU",3.908966064,"deposition"
"QY003","BNP",3.908966064,"deposition"
"QY003","BNPR",3.908966064,"deposition"
"QY003","BNPRLopt1",3.40649936455815,"deposition"
"QY003","BNPRLopt2",0,"deposition"
"QY024","BAU",5.299603939,"deposition"
"QY024","BNP",5.299603939,"deposition"
"QY024","BNPR",5.299603939,"deposition"
"QY024","BNPRLopt1",4.35478880537711,"deposition"
"QY024","BNPRLopt2",0.326028805377109,"deposition"
"QY031","BAU",5.714715481,"deposition"
"QY031","BNP",5.714715481,"deposition"
"QY031","BNPR",5.714715481,"deposition"
"QY031","BNPRLopt1",2.68683504521209,"deposition"
"QY031","BNPRLopt2",0,"deposition"
"QY040","BAU",11.55922318,"deposition"
"QY040","BNP",11.55922318,"deposition"
"QY040","BNPR",11.55922318,"deposition"
"QY040","BNPRLopt1",1.68004132958084,"deposition"
"QY040","BNPRLopt2",0,"deposition"
"QY049","BAU",5.395667553,"deposition"
"QY049","BNP",5.395667553,"deposition"
"QY049","BNPR",5.395667553,"deposition"
"QY049","BNPRLopt1",4.71397069537281,"deposition"
"QY049","BNPRLopt2",1.59227069537281,"deposition"
"QY065","BAU",4.194610119,"deposition"
"QY065","BNP",4.194610119,"deposition"
"QY065","BNPR",4.194610119,"deposition"
"QY065","BNPRLopt1",4.194610119,"deposition"
"QY065","BNPRLopt2",0.979341512300273,"deposition"
"QY070","BAU",4.520544529,"deposition"
"QY070","BNP",4.520544529,"deposition"
"QY070","BNPR",4.520544529,"deposition"
"QY070","BNPRLopt1",3.90371995934574,"deposition"
"QY070","BNPRLopt2",2.45141226703805,"deposition"
"QY073","BAU",5.147699833,"deposition"
"QY073","BNP",5.147699833,"deposition"
"QY073","BNPR",5.147699833,"deposition"
"QY073","BNPRLopt1",2.51820718862185,"deposition"
"QY073","BNPRLopt2",2.51820718862185,"deposition"
"QY076","BAU",4.377658367,"deposition"
"QY076","BNP",4.377658367,"deposition"
"QY076","BNPR",4.377658367,"deposition"
"QY076","BNPRLopt1",3.45035918987349,"deposition"
"QY076","BNPRLopt2",1.62445918987349,"deposition"
"QY077","BAU",4.514650345,"deposition"
"QY077","BNP",4.514650345,"deposition"
"QY077","BNPR",4.514650345,"deposition"
"QY077","BNPRLopt1",1.77883372970255,"deposition"
"QY077","BNPRLopt2",1.77883372970255,"deposition"
"QY079","BAU",5.467858791,"deposition"
"QY079","BNP",5.467858791,"deposition"
"QY079","BNPR",5.467858791,"deposition"
"QY079","BNPRLopt1",3.79388111912954,"deposition"
"QY079","BNPRLopt2",3.79388111912954,"deposition"
"QY081","BAU",5.519124508,"deposition"
"QY081","BNP",5.519124508,"deposition"
"QY081","BNPR",5.519124508,"deposition"
"QY081","BNPRLopt1",5.519124508,"deposition"
"QY081","BNPRLopt2",5.519124508,"deposition"
"QY085","BAU",5.601294994,"deposition"
"QY085","BNP",5.601294994,"deposition"
"QY085","BNPR",5.601294994,"deposition"
"QY085","BNPRLopt1",1.82668253470087,"deposition"
"QY085","BNPRLopt2",0.338682534700865,"deposition"
"QY087","BAU",5.524769306,"deposition"
"QY087","BNP",5.524769306,"deposition"
"QY087","BNPR",5.524769306,"deposition"
"QY087","BNPRLopt1",3.6602343646648,"deposition"
"QY087","BNPRLopt2",1.76473546553871,"deposition"
"QY090","BAU",4.968757629,"deposition"
"QY090","BNP",4.968757629,"deposition"
"QY090","BNPR",4.968757629,"deposition"
"QY090","BNPRLopt1",3.73349199592169,"deposition"
"QY090","BNPRLopt2",2.31989199592168,"deposition"
"QY094","BAU",4.391344547,"deposition"
"QY094","BNP",4.391344547,"deposition"
"QY094","BNPR",4.391344547,"deposition"
"QY094","BNPRLopt1",4.391344547,"deposition"
"QY094","BNPRLopt2",3.69136305307783,"deposition"
"QY095","BAU",4.647268295,"deposition"
"QY095","BNP",4.647268295,"deposition"
"QY095","BNPR",4.647268295,"deposition"
"QY095","BNPRLopt1",2.81213796738828,"deposition"
"QY095","BNPRLopt2",2.61338796738828,"deposition"
"QY101","BAU",6.180166245,"deposition"
"QY101","BNP",6.180166245,"deposition"
"QY101","BNPR",6.180166245,"deposition"
"QY101","BNPRLopt1",2.32851599663819,"deposition"
"QY101","BNPRLopt2",1.58451599663819,"deposition"
"QY106","BAU",4.972505093,"deposition"
"QY106","BNP",4.972505093,"deposition"
"QY106","BNPR",4.972505093,"deposition"
"QY106","BNPRLopt1",1.63291674150869,"deposition"
"QY106","BNPRLopt2",0,"deposition"
"QY107","BAU",5.185857296,"deposition"
"QY107","BNP",5.185857296,"deposition"
"QY107","BNPR",5.185857296,"deposition"
"QY107","BNPRLopt1",0.738042030590872,"deposition"
"QY107","BNPRLopt2",0,"deposition"
"QY110","BAU",5.305033207,"deposition"
"QY110","BNP",5.305033207,"deposition"
"QY110","BNPR",5.305033207,"deposition"
"QY110","BNPRLopt1",2.76541586096426,"deposition"
"QY110","BNPRLopt2",0,"deposition"
"QY154","BAU",5.672376156,"deposition"
"QY154","BNP",5.672376156,"deposition"
"QY154","BNPR",5.672376156,"deposition"
"QY154","BNPRLopt1",2.20789340506887,"deposition"
"QY154","BNPRLopt2",1.56936729286326,"deposition"
"QY163","BAU",9.818370819,"deposition"
"QY163","BNP",9.818370819,"deposition"
"QY163","BNPR",9.818370819,"deposition"
"QY163","BNPRLopt1",3.67029170765621,"deposition"
"QY163","BNPRLopt2",0,"deposition"
"QY165","BAU",10.394557,"deposition"
"QY165","BNP",10.394557,"deposition"
"QY165","BNPR",10.394557,"deposition"
"QY165","BNPRLopt1",2.23772826217696,"deposition"
"QY165","BNPRLopt2",0,"deposition"
"QY175","BAU",4.827932835,"deposition"
"QY175","BNP",4.827932835,"deposition"
"QY175","BNPR",4.827932835,"deposition"
"QY175","BNPRLopt1",4.16229091096986,"deposition"
"QY175","BNPRLopt2",2.27749091096986,"deposition"
"QY182","BAU",12.69538975,"deposition"
"QY182","BNP",12.69538975,"deposition"
"QY182","BNPR",12.69538975,"deposition"
"QY182","BNPRLopt1",1.20446622490772,"deposition"
"QY182","BNPRLopt2",0,"deposition"
"QY189","BAU",3.231766701,"deposition"
"QY189","BNP",3.231766701,"deposition"
"QY189","BNPR",3.231766701,"deposition"
"QY189","BNPRLopt1",3.231766701,"deposition"
"QY189","BNPRLopt2",3.231766701,"deposition"
"QY193","BAU",3.534766912,"deposition"
"QY193","BNP",3.534766912,"deposition"
"QY193","BNPR",3.534766912,"deposition"
"QY193","BNPRLopt1",3.534766912,"deposition"
"QY193","BNPRLopt2",1.11131908781611,"deposition"
"QY199","BAU",19.24587631,"deposition"
"QY199","BNP",19.24587631,"deposition"
"QY199","BNPR",19.24587631,"deposition"
"QY199","BNPRLopt1",1.32607223453594,"deposition"
"QY199","BNPRLopt2",0,"deposition"
"QY200","BAU",17.8643055,"deposition"
"QY200","BNP",17.8643055,"deposition"
"QY200","BNPR",17.8643055,"deposition"
"QY200","BNPRLopt1",1.10944514029429,"deposition"
"QY200","BNPRLopt2",0,"deposition"
"QY207","BAU",4.148550987,"deposition"
"QY207","BNP",4.148550987,"deposition"
"QY207","BNPR",4.148550987,"deposition"
"QY207","BNPRLopt1",4.148550987,"deposition"
"QY207","BNPRLopt2",4.06511976321251,"deposition"
"QY208","BAU",2.685848951,"deposition"
"QY208","BNP",2.685848951,"deposition"
"QY208","BNPR",2.685848951,"deposition"
"QY208","BNPRLopt1",1.93116560560225,"deposition"
"QY208","BNPRLopt2",1.93116560560225,"deposition"
"QY222","BAU",4.167097569,"deposition"
"QY222","BNP",4.167097569,"deposition"
"QY222","BNPR",4.167097569,"deposition"
"QY222","BNPRLopt1",4.167097569,"deposition"
"QY222","BNPRLopt2",4.05228741328385,"deposition"
"QY231","BAU",2.809998035,"deposition"
"QY231","BNP",2.809998035,"deposition"
"QY231","BNPR",2.809998035,"deposition"
"QY231","BNPRLopt1",2.809998035,"deposition"
"QY231","BNPRLopt2",1.01413633342324,"deposition"
"QY233","BAU",2.873369217,"deposition"
"QY233","BNP",2.873369217,"deposition"
"QY233","BNPR",2.873369217,"deposition"
"QY233","BNPRLopt1",2.873369217,"deposition"
"QY233","BNPRLopt2",2.873369217,"deposition"
"QY236","BAU",4.041529655,"deposition"
"QY236","BNP",4.041529655,"deposition"
"QY236","BNPR",4.041529655,"deposition"
"QY236","BNPRLopt1",2.15531410431586,"deposition"
"QY236","BNPRLopt2",1.86081410431586,"deposition"
"QY246","BAU",2.830694914,"deposition"
"QY246","BNP",2.830694914,"deposition"
"QY246","BNPR",2.830694914,"deposition"
"QY246","BNPRLopt1",2.830694914,"deposition"
"QY246","BNPRLopt2",1.99301874926455,"deposition"
"QY248","BAU",2.128945351,"deposition"
"QY248","BNP",2.128945351,"deposition"
"QY248","BNPR",2.128945351,"deposition"
"QY248","BNPRLopt1",2.128945351,"deposition"
"QY248","BNPRLopt2",1.95448483316003,"deposition"
"QY264","BAU",5.529391289,"deposition"
"QY264","BNP",5.529391289,"deposition"
"QY264","BNPR",5.529391289,"deposition"
"QY264","BNPRLopt1",3.44512606094291,"deposition"
"QY264","BNPRLopt2",2.88712606094292,"deposition"
"QY267","BAU",3.190342426,"deposition"
"QY267","BNP",3.190342426,"deposition"
"QY267","BNPR",3.190342426,"deposition"
"QY267","BNPRLopt1",3.190342426,"deposition"
"QY267","BNPRLopt2",0.85418547399644,"deposition"
"QY270","BAU",3.32204628,"deposition"
"QY270","BNP",3.32204628,"deposition"
"QY270","BNPR",3.32204628,"deposition"
"QY270","BNPRLopt1",1.88530176583964,"deposition"
"QY270","BNPRLopt2",0.000501765839642,"deposition"
"QY274","BAU",3.305774689,"deposition"
"QY274","BNP",3.305774689,"deposition"
"QY274","BNPR",3.305774689,"deposition"
"QY274","BNPRLopt1",3.305774689,"deposition"
"QY274","BNPRLopt2",3.305774689,"deposition"
"QY278","BAU",3.033854961,"deposition"
"QY278","BNP",3.033854961,"deposition"
"QY278","BNPR",3.033854961,"deposition"
"QY278","BNPRLopt1",3.033854961,"deposition"
"QY278","BNPRLopt2",2.1585425200216,"deposition"
"QY284","BAU",3.242710829,"deposition"
"QY284","BNP",3.242710829,"deposition"
"QY284","BNPR",3.242710829,"deposition"
"QY284","BNPRLopt1",3.242710829,"deposition"
"QY284","BNPRLopt2",2.87360897156054,"deposition"
"QY285","BAU",3.275354624,"deposition"
"QY285","BNP",3.275354624,"deposition"
"QY285","BNPR",3.275354624,"deposition"
"QY285","BNPRLopt1",3.275354624,"deposition"
"QY285","BNPRLopt2",1.71292604860853,"deposition"
"QY291","BAU",4.54736948,"deposition"
"QY291","BNP",4.54736948,"deposition"
"QY291","BNPR",4.54736948,"deposition"
"QY291","BNPRLopt1",2.21031024462731,"deposition"
"QY291","BNPRLopt2",0,"deposition"
"QY293","BAU",3.558572054,"deposition"
"QY293","BNP",3.558572054,"deposition"
"QY293","BNPR",3.558572054,"deposition"
"QY293","BNPRLopt1",3.558572054,"deposition"
"QY293","BNPRLopt2",3.558572054,"deposition"
"QY295","BAU",3.269914865,"deposition"
"QY295","BNP",3.269914865,"deposition"
"QY295","BNPR",3.269914865,"deposition"
"QY295","BNPRLopt1",3.21516620014706,"deposition"
"QY295","BNPRLopt2",3.21516620014706,"deposition"
"QY296","BAU",3.302062273,"deposition"
"QY296","BNP",3.302062273,"deposition"
"QY296","BNPR",3.302062273,"deposition"
"QY296","BNPRLopt1",3.302062273,"deposition"
"QY296","BNPRLopt2",2.4251046118809,"deposition"
"QY297","BAU",3.201862574,"deposition"
"QY297","BNP",3.201862574,"deposition"
"QY297","BNPR",3.201862574,"deposition"
"QY297","BNPRLopt1",3.201862574,"deposition"
"QY297","BNPRLopt2",2.9100554724958,"deposition"
"QY299","BAU",2.237344503,"deposition"
"QY299","BNP",2.237344503,"deposition"
"QY299","BNPR",2.237344503,"deposition"
"QY299","BNPRLopt1",2.237344503,"deposition"
"QY299","BNPRLopt2",2.237344503,"deposition"
"QY308","BAU",3.489558458,"deposition"
"QY308","BNP",3.489558458,"deposition"
"QY308","BNPR",3.489558458,"deposition"
"QY308","BNPRLopt1",1.88592564435964,"deposition"
"QY308","BNPRLopt2",0,"deposition"
"QY310","BAU",3.724695683,"deposition"
"QY310","BNP",3.724695683,"deposition"
"QY310","BNPR",3.724695683,"deposition"
"QY310","BNPRLopt1",2.70086307252423,"deposition"
"QY310","BNPRLopt2",0.285963072524233,"deposition"
