"ID","Year","soil_type","Variable","Simulation","value","diff","outlier"
"QY003","2014","Calcareous","SOC",2.501607185,2.359382343,0.142224842,0
"QY003","2014","Calcareous","Soil Cd",0.536217839167612,0.538772747,0.00255490783238832,0
"QY003","2019","Calcareous","SOC",2.540428615,2.242349849,0.298078766,0
"QY003","2019","Calcareous","Soil Cd",0.584487954161349,0.50974119,0.0747467641613491,0
"QY024","2014","Calcareous","SOC",2.25092,2.0241319,0.2267881,0
"QY024","2014","Calcareous","Soil Cd",0.307247457528164,0.390193965,0.0829465074718362,0
"QY024","2019","Calcareous","SOC",2.34624,1.724677083,0.621562917,0
"QY024","2019","Calcareous","Soil Cd",0.324634418222686,0.385844621,0.0612102027773143,0
"QY031","2014","Non-calcareous","pH",4.77464,5.65,0.875360000000001,0
"QY031","2014","Non-calcareous","SOC",2.16884,1.295971232,0.872868768,0
"QY031","2014","Non-calcareous","Soil Cd",0.425017867243531,0.502389637,0.0773717697564686,0
"QY031","2019","Non-calcareous","pH",4.42352,4.8,0.37648,0
"QY031","2019","Non-calcareous","SOC",2.24,1.724677083,0.515322917,0
"QY031","2019","Non-calcareous","Soil Cd",0.428659513820798,0.34505591,0.0836036038207978,0
"QY040","2014","Calcareous","SOC",1.299432655,1.65593301,0.356500355,0
"QY040","2014","Calcareous","Soil Cd",0.329452065095201,0.248702702,0.0807493630952006,0
"QY040","2019","Calcareous","SOC",1.326950386,1.146414097,0.180536289,0
"QY040","2019","Calcareous","Soil Cd",0.360344302099423,0.320258277,0.0400860250994232,0
"QY049","2014","Calcareous","SOC",3.029918652,2.420336969,0.609581683,0
"QY049","2014","Calcareous","Soil Cd",0.350463251928135,0.434543074,0.0840798220718645,0
"QY049","2019","Calcareous","SOC",3.023089384,3.038872321,0.015782937,0
"QY049","2019","Calcareous","Soil Cd",0.37161072789064,0.63439715,0.26278642210936,0
"QY065","2014","Non-calcareous","pH",6.136968,6.99,0.853032,0
"QY065","2014","Non-calcareous","SOC",2.553597149,2.371738011,0.181859138,0
"QY065","2014","Non-calcareous","Soil Cd",0.340896575806334,0.527742999,0.186846423193666,0
"QY065","2019","Non-calcareous","pH",6.070616,6.300817416,0.230201416,0
"QY065","2019","Non-calcareous","SOC",2.529028803,2.667774733,0.13874593,0
"QY070","2014","Calcareous","SOC",2.766178619,2.337965853,0.428212766,0
"QY070","2014","Calcareous","Soil Cd",0.570455755707481,0.283887888,0.286567867707481,0
"QY070","2019","Calcareous","SOC",2.777000047,2.628260254,0.148739793,0
"QY070","2019","Calcareous","Soil Cd",0.645718630821364,0.427315125,0.218403505821364,0
"QY073","2014","Non-calcareous","pH",5.578168,6.01,0.431832,0
"QY073","2014","Non-calcareous","SOC",2.557695096,2.369266877,0.188428219,0
"QY073","2014","Non-calcareous","Soil Cd",0.404989974858202,0.666735134,0.261745159141798,0
"QY073","2019","Non-calcareous","pH",5.45576,5.417441011,0.0383189889999995,0
"QY073","2019","Non-calcareous","SOC",2.535319209,2.66490307,0.129583861,0
"QY076","2014","Calcareous","SOC",1.825108702,2.081791681,0.256682979,0
"QY076","2014","Calcareous","Soil Cd",0.258505177659407,0.331504483,0.0729993053405933,0
"QY076","2019","Calcareous","SOC",1.848514499,1.690289717,0.158224782,0
"QY076","2019","Calcareous","Soil Cd",0.272511092219016,0.446904616,0.174393523780984,0
"QY077","2014","Non-calcareous","pH",5.2648,6.36,1.0952,0
"QY077","2014","Non-calcareous","SOC",2.08876,2.422808103,0.334048103,0
"QY077","2014","Non-calcareous","Soil Cd",0.321101843318098,0.589869687,0.268767843681902,0
"QY077","2019","Non-calcareous","pH",5.113616,5.23,0.116384,0
"QY077","2019","Non-calcareous","SOC",2.10628,1.979768331,0.126511669,0
"QY077","2019","Non-calcareous","Soil Cd",0.318442165405402,0.505465515,0.187023349594598,0
"QY079","2014","Calcareous","SOC",1.650922025,2.245710203,0.594788178,0
"QY079","2014","Calcareous","Soil Cd",0.35783778756482,0.504414518,0.14657673043518,0
"QY079","2019","Calcareous","SOC",1.687269543,1.446892203,0.24037734,0
"QY079","2019","Calcareous","Soil Cd",0.375578478516581,0.378753534,0.00317505548341857,0
"QY081","2014","Calcareous","SOC",2.016408035,1.843739155,0.17266888,0
"QY081","2014","Calcareous","Soil Cd",0.418245029607775,0.351167838,0.067077191607775,0
"QY081","2019","Calcareous","SOC",2.027873552,1.916479695,0.111393857,0
"QY081","2019","Calcareous","Soil Cd",0.460776681572425,0.321603206,0.139173475572425,0
"QY085","2014","Non-calcareous","pH",4.890008,5.64,0.749992,0
"QY085","2014","Non-calcareous","SOC",1.60204,1.409643373,0.192396627,0
"QY085","2014","Non-calcareous","Soil Cd",0.211833916480156,0.356771988,0.144938071519844,0
"QY085","2019","Non-calcareous","pH",4.584032,4.49,0.0940319999999994,0
"QY085","2019","Non-calcareous","SOC",1.63784,1.399858694,0.237981306,0
"QY085","2019","Non-calcareous","Soil Cd",0.201668415850378,0.440418513,0.238750097149622,0
"QY087","2014","Calcareous","SOC",2.092137688,2.261360715,0.169223027,0
"QY087","2014","Calcareous","Soil Cd",0.385188680964569,0.374759089,0.0104295919645687,0
"QY087","2019","Calcareous","SOC",2.113695659,1.949043112,0.164652547,0
"QY087","2019","Calcareous","Soil Cd",0.418516129378123,0.502264865,0.083748735621877,0
"QY090","2014","Calcareous","SOC",1.864782615,0.998611502,0.866171113,0
"QY090","2014","Calcareous","Soil Cd",0.263764570155143,0.313654946,0.0498903758448569,0
"QY090","2019","Calcareous","SOC",1.857898557,1.891966762,0.0340682050000001,0
"QY090","2019","Calcareous","Soil Cd",0.279749811811727,0.415728475,0.135978663188273,0
"QY094","2014","Calcareous","SOC",1.38528986,1.697118568,0.311828708,0
"QY094","2014","Calcareous","Soil Cd",0.274773508543024,0.369540723,0.0947672144569761,0
"QY094","2019","Calcareous","SOC",1.403550729,1.279480186,0.124070543,0
"QY094","2019","Calcareous","Soil Cd",0.288054167968787,0.404292132,0.116237964031213,0
"QY095","2014","Non-calcareous","pH",5.869976,6.3,0.430024,0
"QY095","2014","Non-calcareous","SOC",1.26070925,2.054609213,0.793899963,0
"QY095","2014","Non-calcareous","Soil Cd",0.2937997323465,0.432245299,0.1384455666535,0
"QY095","2019","Non-calcareous","pH",5.712632,6.38,0.667368,0
"QY095","2019","Non-calcareous","SOC",1.255496484,1.274254454,0.01875797,0
"QY095","2019","Non-calcareous","Soil Cd",0.303896486812873,0.349386716,0.045490229187127,0
"QY101","2014","Non-calcareous","pH",5.702072,6.06,0.357927999999999,0
"QY101","2014","Non-calcareous","SOC",0.795321442,1.937642228,1.142320786,0
"QY101","2014","Non-calcareous","Soil Cd",0.207011199350244,0.31604699,0.109035790649756,0
"QY101","2019","Non-calcareous","pH",5.663264,5.4,0.263263999999999,0
"QY101","2019","Non-calcareous","SOC",0.824500014,0.635054519,0.189445495,0
"QY101","2019","Non-calcareous","Soil Cd",0.213055292548604,0.226964244,0.0139089514513956,0
"QY106","2014","Calcareous","SOC",1.850787623,1.972238097,0.121450474,0
"QY106","2014","Calcareous","Soil Cd",0.262984040557247,0.333054502,0.0700704614427535,0
"QY106","2019","Calcareous","SOC",1.815616391,2.034617994,0.219001603,0
"QY106","2019","Calcareous","Soil Cd",0.277209545537474,0.534490655,0.257281109462526,0
"QY107","2014","Non-calcareous","pH",5.4936,5.74,0.2464,0
"QY107","2014","Non-calcareous","SOC",1.207836908,1.293500099,0.0856631910000001,0
"QY107","2014","Non-calcareous","Soil Cd",0.201501869219207,0.296001006,0.0944991367807927,0
"QY107","2019","Non-calcareous","pH",5.41352,5.1,0.31352,0
"QY107","2019","Non-calcareous","SOC",1.200744709,1.241612127,0.0408674179999999,0
"QY107","2019","Non-calcareous","Soil Cd",0.204045673848443,0.65021088,0.446165206151557,0
"QY110","2014","Non-calcareous","pH",5.653848,6.84,1.186152,0
"QY110","2014","Non-calcareous","SOC",1.297318845,2.40633388,1.109015035,0
"QY110","2014","Non-calcareous","Soil Cd",0.248269057283433,0.403705956,0.155436898716567,0
"QY110","2019","Non-calcareous","pH",5.610992,6.54,0.929008,0
"QY110","2019","Non-calcareous","SOC",1.331340584,1.108569876,0.222770708,0
"QY110","2019","Non-calcareous","Soil Cd",0.254326052421916,0.330450844,0.0761247915780842,0
"QY154","2014","Non-calcareous","pH",5.512344,5.45,0.0623439999999995,0
"QY154","2014","Non-calcareous","SOC",1.504892102,1.235016606,0.269875496,0
"QY154","2014","Non-calcareous","Soil Cd",0.449265714935112,0.766803345,0.317537630064888,0
"QY154","2019","Non-calcareous","pH",5.293224,4.35,0.943224000000001,0
"QY154","2019","Non-calcareous","SOC",1.508741023,1.469392957,0.0393480660000001,0
"QY154","2019","Non-calcareous","Soil Cd",0.450162025855278,0.503907108,0.053745082144722,0
"QY163","2014","Non-calcareous","pH",5.336256,5.46,0.123744,0
"QY163","2014","Non-calcareous","SOC",2.136000036,1.632045387,0.503954649,0
"QY163","2014","Non-calcareous","Soil Cd",0.358812195934823,0.506870474,0.148058278065177,0
"QY163","2019","Non-calcareous","pH",5.242008,4.921668539,0.320339461000001,0
"QY163","2019","Non-calcareous","SOC",2.194785752,1.808190337,0.386595415,0
"QY165","2014","Calcareous","SOC",2.210428609,1.949174184,0.261254425,0
"QY165","2014","Calcareous","Soil Cd",0.520932788902201,0.676636965,0.155704176097799,0
"QY165","2019","Calcareous","SOC",2.214678609,2.176720395,0.0379582140000001,0
"QY175","2014","Calcareous","SOC",1.883165487,1.484601088,0.398564399,0
"QY175","2014","Calcareous","Soil Cd",0.329517106213958,0.457637396,0.128120289786042,0
"QY175","2019","Calcareous","SOC",1.861151098,1.990190888,0.12903979,0
"QY175","2019","Calcareous","Soil Cd",0.344566761275562,0.47895826,0.134391498724438,0
"QY182","2014","Calcareous","SOC",1.337794104,1.319858856,0.0179352480000001,0
"QY182","2014","Calcareous","Soil Cd",0.351636006462532,0.2091201,0.142515906462532,0
"QY182","2019","Calcareous","SOC",1.326286751,1.393520856,0.067234105,0
"QY182","2019","Calcareous","Soil Cd",0.389237898797469,0.328045294,0.0611926047974689,0
"QY189","2014","Calcareous","SOC",1.624184436,1.346217613,0.277966823,0
"QY189","2014","Calcareous","Soil Cd",0.268174390431466,0.381387334,0.113212943568534,0
"QY189","2019","Calcareous","SOC",1.64932628,1.476034674,0.173291606,0
"QY193","2014","Calcareous","SOC",2.730615951,1.342922768,1.387693183,0
"QY193","2014","Calcareous","Soil Cd",0.339742926109475,0.533040644,0.193297717890525,0
"QY193","2019","Calcareous","SOC",2.727572473,2.732578407,0.00500593400000016,0
"QY193","2019","Calcareous","Soil Cd",0.351372794617456,0.5313913,0.180018505382544,0
"QY199","2014","Calcareous","SOC",1.468607168,1.058742417,0.409864751,0
"QY199","2014","Calcareous","Soil Cd",0.499841980391668,0.312429395,0.187412585391668,0
"QY199","2019","Calcareous","SOC",1.489142883,1.350899409,0.138243474,0
"QY199","2019","Calcareous","Soil Cd",0.553407364728795,0.324107086,0.229300278728795,0
"QY200","2014","Calcareous","SOC",1.373876816,1.770428862,0.396552046,0
"QY200","2014","Calcareous","Soil Cd",0.564706731993937,0.486830202,0.0778765299939366,0
"QY200","2019","Calcareous","SOC",1.357717396,1.45495658,0.097239184,0
"QY200","2019","Calcareous","Soil Cd",0.614606302342245,0.398781545,0.215824757342245,0
"QY207","2014","Non-calcareous","pH",5.573152,5.22,0.353152000000001,0
"QY207","2014","Non-calcareous","SOC",2.501811603,2.028250456,0.473561147,0
"QY207","2014","Non-calcareous","Soil Cd",0.239167022567153,0.27716801,0.0380009874328475,0
"QY207","2019","Non-calcareous","pH",5.477408,5.25,0.227408,0
"QY207","2019","Non-calcareous","SOC",2.536449284,2.291409708,0.245039576,0
"QY207","2019","Non-calcareous","Soil Cd",0.252855461850092,0.494442731,0.241587269149908,0
"QY208","2014","Calcareous","SOC",2.594782618,2.050490657,0.544291961,0
"QY208","2014","Calcareous","Soil Cd",0.519631620211387,0.454742975,0.064888645211387,0
"QY208","2019","Calcareous","SOC",2.566268125,2.678584634,0.112316509,0
"QY208","2019","Calcareous","Soil Cd",0.572668265228571,0.451102684,0.121565581228571,0
"QY222","2014","Non-calcareous","pH",5.618824,5.04,0.578824,0
"QY222","2014","Non-calcareous","SOC",1.671920296,1.490367067,0.181553229,0
"QY222","2014","Non-calcareous","Soil Cd",0.255476095158155,0.376357168,0.120881072841845,0
"QY222","2019","Non-calcareous","pH",5.549744,5.7,0.150256000000001,0
"QY222","2019","Non-calcareous","SOC",1.769927542,1.126564917,0.643362625,0
"QY222","2019","Non-calcareous","Soil Cd",0.265917597577643,0.268002133,0.00208453542235737,0
"QY231","2014","Calcareous","SOC",2.521170272,2.213585467,0.307584805,0
"QY231","2014","Calcareous","Soil Cd",0.269366912429968,0.385840805,0.116473892570032,0
"QY231","2019","Calcareous","SOC",2.52500006,2.483988314,0.0410117460000001,0
"QY231","2019","Calcareous","Soil Cd",0.282371522515081,0.368989901,0.0866183784849195,0
"QY233","2014","Calcareous","SOC",2.326547637,2.30748854,0.019059097,0
"QY233","2014","Calcareous","Soil Cd",0.266047229826348,0.355653722,0.0896064921736525,0
"QY233","2019","Calcareous","SOC",2.363095256,2.112986813,0.250108443,0
"QY233","2019","Calcareous","Soil Cd",0.280667297317613,0.48907421,0.208406912682387,0
"QY236","2014","Calcareous","SOC",1.848224644,1.834678333,0.013546311,0
"QY236","2014","Calcareous","Soil Cd",0.217782319423665,0.250715241,0.0329329215763353,0
"QY236","2019","Calcareous","SOC",1.823695658,1.972304593,0.148608935,0
"QY236","2019","Calcareous","Soil Cd",0.231133293275393,0.343423441,0.112290147724607,0
"QY242","2014","Calcareous","SOC",2.19432,1.212776405,0.981543595,0
"QY242","2014","Calcareous","Soil Cd",0.779705803634135,0.159117541,0.620588262634135,1
"QY242","2019","Calcareous","SOC",2.24072,1.929527086,0.311192914,0
"QY242","2019","Calcareous","Soil Cd",0.890127578811376,0.349306386,0.540821192811376,1
"QY243","2014","Calcareous","SOC",2.377173921,1.654285588,0.722888333,0
"QY243","2014","Calcareous","Soil Cd",0.923060397741292,0.228651365,0.694409032741292,1
"QY243","2019","Calcareous","SOC",2.397862327,2.25016855,0.147693777,0
"QY243","2019","Calcareous","Soil Cd",1.05210663130167,0.502547476,0.549559155301667,1
"QY246","2014","Calcareous","SOC",1.814609972,2.950806958,1.136196986,0
"QY246","2014","Calcareous","Soil Cd",0.462042612086634,0.813780858,0.351738245913366,0
"QY246","2019","Calcareous","SOC",1.799148979,1.885437261,0.0862882820000002,0
"QY246","2019","Calcareous","Soil Cd",0.471263847720896,0.660798657,0.189534809279103,0
"QY248","2014","Calcareous","SOC",1.782282615,2.15839682,0.376114205,0
"QY248","2014","Calcareous","Soil Cd",0.181534657709939,0.242459912,0.0609252542900606,0
"QY248","2019","Calcareous","SOC",1.817536238,1.582148637,0.235387601,0
"QY248","2019","Calcareous","Soil Cd",0.190086012659685,0.309832443,0.119746430340315,0
"QY264","2014","Non-calcareous","pH",5.974344,6.3,0.325656,0
"QY264","2014","Non-calcareous","SOC",2.23244,2.332199875,0.0997598750000002,0
"QY264","2014","Non-calcareous","Soil Cd",0.397651016406269,0.563199681,0.165548664593731,0
"QY264","2019","Non-calcareous","pH",5.953048,5.678848315,0.274199685,0
"QY264","2019","Non-calcareous","SOC",2.15588,2.621828128,0.465948128,0
"QY267","2014","Calcareous","SOC",2.093333341,1.369281526,0.724051815,0
"QY267","2019","Calcareous","SOC",2.11967392,1.938753257,0.180920663,0
"QY267","2019","Calcareous","Soil Cd",0.291362742723545,0.528451455,0.237088712276455,0
"QY270","2014","Calcareous","SOC",2.500507255,2.98046056,0.479953305,0
"QY270","2014","Calcareous","Soil Cd",0.480268649897701,0.832313107,0.352044457102299,0
"QY270","2019","Calcareous","SOC",2.428188414,2.876902723,0.448714309,0
"QY270","2019","Calcareous","Soil Cd",0.490573617201264,0.818591335,0.328017717798736,0
"QY274","2014","Calcareous","SOC",2.019637688,1.251490829,0.768146859,0
"QY274","2014","Calcareous","Soil Cd",0.211068015728016,0.240672535,0.029604519271984,0
"QY274","2019","Calcareous","SOC",2.036775369,1.9146054,0.122169969,0
"QY274","2019","Calcareous","Soil Cd",0.225731259462354,0.462418026,0.236686766537646,0
"QY278","2014","Calcareous","SOC",2.529172688,2.104031883,0.425140805,0
"QY278","2019","Calcareous","SOC",2.554784199,2.35667793,0.198106269,0
"QY284","2014","Calcareous","SOC",2.805942039,1.758073194,1.047868845,0
"QY284","2014","Calcareous","Soil Cd",0.182134830265251,0.19059143,0.00845659973474905,0
"QY284","2019","Calcareous","SOC",2.72307972,3.226310433,0.503230713,0
"QY284","2019","Calcareous","Soil Cd",0.194407803229235,0.408390807,0.213983003770765,0
"QY285","2014","Calcareous","SOC",2.816016216,1.819851532,0.996164684,0
"QY285","2014","Calcareous","Soil Cd",0.387822640153968,0.599553878,0.211731237846033,0
"QY285","2019","Calcareous","SOC",2.752357681,3.130258758,0.377901077,0
"QY285","2019","Calcareous","Soil Cd",0.401118941091477,0.570250177,0.169131235908523,0
"QY291","2014","Non-calcareous","pH",5.489112,6.76,1.270888,0
"QY291","2014","Non-calcareous","SOC",2.09092,2.411276147,0.320356147,0
"QY291","2014","Non-calcareous","Soil Cd",0.286443235741319,0.578151149,0.291707913258681,0
"QY291","2019","Non-calcareous","pH",5.431736,5.4,0.0317359999999995,0
"QY291","2019","Non-calcareous","SOC",2.15928,1.710514768,0.448765232,0
"QY291","2019","Non-calcareous","Soil Cd",0.287165965706258,0.502767917,0.215601951293742,0
"QY293","2014","Calcareous","SOC",2.313442037,1.976356653,0.337085384,0
"QY293","2014","Calcareous","Soil Cd",0.228979264136911,0.282320962,0.0533416978630894,0
"QY293","2019","Calcareous","SOC",2.276594211,2.495926891,0.21933268,0
"QY293","2019","Calcareous","Soil Cd",0.241687758070495,0.483516975,0.241829216929505,0
"QY295","2014","Calcareous","SOC",2.635664485,1.950821607,0.684842878,0
"QY295","2014","Calcareous","Soil Cd",0.198494675908811,0.247613339,0.0491186630911887,0
"QY295","2019","Calcareous","SOC",2.546518918,3.105596566,0.559077648,0
"QY295","2019","Calcareous","Soil Cd",0.209492422408346,0.378119355,0.168626932591654,0
"QY296","2014","Non-calcareous","pH",5.95912,6.14,0.180879999999999,0
"QY296","2014","Non-calcareous","SOC",1.910507253,1.628750542,0.281756711,0
"QY296","2014","Non-calcareous","Soil Cd",0.286597870926497,0.471160242,0.184562371073503,0
"QY296","2019","Non-calcareous","pH",5.905352,5.54,0.365352,0
"QY296","2019","Non-calcareous","SOC",1.978152181,1.536399408,0.441752773,0
"QY296","2019","Non-calcareous","Soil Cd",0.295342138646224,0.36208142,0.066739281353776,0
"QY297","2014","Calcareous","SOC",2.449924145,2.377503989,0.0724201560000002,0
"QY297","2014","Calcareous","Soil Cd",0.217364156928647,0.26075182,0.0433876630713533,0
"QY297","2019","Calcareous","SOC",2.398484753,2.706132029,0.307647276,0
"QY297","2019","Calcareous","Soil Cd",0.229704330985122,0.369588731,0.139884400014878,0
"QY299","2014","Non-calcareous","pH",5.703128,5.99,0.286872,0
"QY299","2014","Non-calcareous","SOC",1.5836,1.383284615,0.200315385,0
"QY299","2014","Non-calcareous","Soil Cd",0.163475537400752,0.204031011,0.0405554735992477,0
"QY299","2019","Non-calcareous","pH",5.627888,5.399412921,0.228475079,0
"QY299","2019","Non-calcareous","SOC",1.5932,1.519109616,0.074090384,0
"QY308","2014","Calcareous","SOC",1.661785755,1.523315513,0.138470242,0
"QY308","2019","Calcareous","SOC",1.649935106,1.71958352,0.069648414,0
"QY308","2019","Calcareous","Soil Cd",0.278512650088938,0.361727532,0.0832148819110619,0
"QY310","2014","Calcareous","SOC",1.457080287,0.799273401,0.657806886,0
"QY310","2019","Calcareous","SOC",1.472007294,1.36805048,0.103956814,0
"QY310","2019","Calcareous","Soil Cd",0.293367513494088,0.324888109,0.0315205955059121,0
"QY313","2014","Calcareous","SOC",2.633079719,1.856918534,0.776161185,0
"QY313","2014","Calcareous","Soil Cd",1.14066774407382,0.182707654,0.95796009007382,1
"QY313","2019","Calcareous","SOC",2.610905806,2.555438256,0.0554675499999999,0
"QY313","2019","Calcareous","Soil Cd",1.32955763359968,0.362895798,0.966661835599678,1
